{
  "timestamp": 1760008969,
  "metrics": {
    "lr": {
      "auc": 0.8757954794821153,
      "precision": 0.7407407407407407,
      "recall": 0.6451612903225806,
      "f1": 0.6896551724137931
    },
    "rf": {
      "auc": 1.0,
      "precision": 1.0,
      "recall": 1.0,
      "f1": 1.0
    },
    "isoforest": {
      "auc": 0.7739009582327555
    },
    "autoencoder": {
      "auc": 0.7602955160558846
    }
  }
}